<?xml version="1.0" encoding="UTF-8"?><rss version="2.0"
	xmlns:content="http://purl.org/rss/1.0/modules/content/"
	xmlns:dc="http://purl.org/dc/elements/1.1/"
	xmlns:atom="http://www.w3.org/2005/Atom"
	xmlns:sy="http://purl.org/rss/1.0/modules/syndication/"
	
	>
<channel>
	<title>
	Comments on: Kanokwan Tungkitkancharoen	</title>
	<atom:link href="/kevin-meng/feed/" rel="self" type="application/rss+xml" />
	<link>/kevin-meng/</link>
	<description>Made Possible by the Science Impact Collaborative</description>
	<lastBuildDate>Fri, 18 Mar 2022 19:09:31 +0000</lastBuildDate>
	<sy:updatePeriod>
	hourly	</sy:updatePeriod>
	<sy:updateFrequency>
	1	</sy:updateFrequency>
	<generator>https://wordpress.org/?v=5.9.2</generator>
</channel>
</rss>
